﻿<?xml version="1.0" encoding="utf-8" ?>
<Defs>

	<DifficultyDef>
		<defName>VeryEasy</defName>
		<label>Base builder</label>
		<description>For those who want to relax and build a colony in a sandbox-like environment. Threats appear, but they're extremely weak. Some of the more dangerous events are disabled.</description>
    <difficulty>1</difficulty>
    <threatScale>0.05</threatScale>
		<colonistMoodOffset>5</colonistMoodOffset>
		<baseSellPriceFactor>0.70</baseSellPriceFactor>
		<cropYieldFactor>1.30</cropYieldFactor>
		<diseaseIntervalFactor>3</diseaseIntervalFactor>
    <enemyReproductionRateFactor>0.1</enemyReproductionRateFactor>
	</DifficultyDef>

	<DifficultyDef>
		<defName>Easy</defName>
		<label>Some challenge</label>
		<description>For players on their first game, or casual players who still want a challenge. Threats are dangerous but not brutal.</description>
    <difficulty>2</difficulty>
    <threatScale>0.35</threatScale>
		<colonistMoodOffset>-5</colonistMoodOffset>
		<baseSellPriceFactor>0.60</baseSellPriceFactor>
		<cropYieldFactor>1.20</cropYieldFactor>
		<diseaseIntervalFactor>1.5</diseaseIntervalFactor>
    <enemyReproductionRateFactor>0.4</enemyReproductionRateFactor>
	</DifficultyDef>

	<DifficultyDef>
		<defName>Urban</defName>
		<label>Urban Hordes</label>
		<description>Balance for urban survival</description>
    <difficulty>1</difficulty>
    <threatScale>2.0</threatScale>
		<colonistMoodOffset>2.5</colonistMoodOffset>
		<baseSellPriceFactor>0.65</baseSellPriceFactor>
		<cropYieldFactor>1.40</cropYieldFactor>
		<diseaseIntervalFactor>3.0</diseaseIntervalFactor>
    <enemyReproductionRateFactor>2</enemyReproductionRateFactor>
	</DifficultyDef>

	<DifficultyDef>
		<defName>Medium</defName>
		<label>Rough</label>
		<description>It's a rough planet. Threats can be quite dangerous. Not recommended until you've got some experience with the game.</description>
    <difficulty>3</difficulty>
    <threatScale>0.65</threatScale>
		<colonistMoodOffset>-10</colonistMoodOffset>
		<baseSellPriceFactor>0.55</baseSellPriceFactor>
		<cropYieldFactor>1</cropYieldFactor>
		<diseaseIntervalFactor>1</diseaseIntervalFactor>
    <enemyReproductionRateFactor>1</enemyReproductionRateFactor>
	</DifficultyDef>

	<DifficultyDef>
		<defName>Hard</defName>
		<label>Intense</label>
		<description>A significant challenge. Succeeding at this level requires a solid and well-rounded understanding of survival strategies, and some luck.</description>
    <difficulty>4</difficulty>
    <threatScale>1.0</threatScale>
		<colonistMoodOffset>-13</colonistMoodOffset>
		<baseSellPriceFactor>0.55</baseSellPriceFactor>
		<cropYieldFactor>1</cropYieldFactor>
		<diseaseIntervalFactor>1</diseaseIntervalFactor>
    <enemyReproductionRateFactor>1</enemyReproductionRateFactor>
  </DifficultyDef>

	<DifficultyDef>
		<defName>VeryHard</defName>
		<label>Extreme</label>
		<description>As hard as a diamond-bladed dagger. Enemies are strong, prices are poor, food is scarce, and colonists are grumpy. For those who enjoy digital suffering.</description>
    <difficulty>5</difficulty>
    <threatScale>1.3</threatScale>
		<colonistMoodOffset>-18</colonistMoodOffset>
		<baseSellPriceFactor>0.47</baseSellPriceFactor>
		<cropYieldFactor>0.9</cropYieldFactor>
		<diseaseIntervalFactor>0.9</diseaseIntervalFactor>
    <enemyReproductionRateFactor>1</enemyReproductionRateFactor>
  </DifficultyDef>
	
</Defs>