﻿<?xml version="1.0" encoding="utf-8" ?>
<Defs>

  <FactionDef Abstract="True" Name="PlayerFactionBase">
    <homeIconPath>World/FactionHomes/DefaultHome</homeIconPath>
    <homeIconColor>(255,220,84)</homeIconColor>
  </FactionDef>
  
  <FactionDef ParentName="PlayerFactionBase">
    <defName>PlayerColony</defName>
    <label>colony</label>
    <description>Your own community.</description>
    <isPlayer>true</isPlayer>
    <basicMemberKind>Colonist</basicMemberKind>
    <pawnsPlural>colonists</pawnsPlural>
    <factionNameMaker>NamerFactionOutlander</factionNameMaker>
    <techLevel>Industrial</techLevel>
    <backstoryCategory>Civil</backstoryCategory>
    <startingResearchTags>
      <li>ClassicStart</li>
    </startingResearchTags>
    <hairTags>
      <li>Urban</li>
    </hairTags>
    <apparelStuffFilter>
      <thingDefs>
        <li>Synthread</li>
      </thingDefs>
    </apparelStuffFilter>
  </FactionDef>
  
  <FactionDef ParentName="PlayerFactionBase">
    <defName>PlayerTribe</defName>
    <label>tribe</label>
    <description>Your own tribe.</description>
    <isPlayer>true</isPlayer>
    <pawnsPlural>tribespeople</pawnsPlural>
    <basicMemberKind>Tribesperson</basicMemberKind>
    <factionNameMaker>NamerFactionTribal</factionNameMaker>
    <techLevel>Neolithic</techLevel>
    <backstoryCategory>Tribal</backstoryCategory>
    <pawnNameMaker>NamerPersonTribal</pawnNameMaker>
    <startingResearchTags>
      <li>TribalStart</li>
    </startingResearchTags>
    <hairTags>
      <li>Tribal</li>
    </hairTags>
    <apparelStuffFilter>
      <thingDefs>
        <li>Cloth</li>
      </thingDefs>
    </apparelStuffFilter>
    </FactionDef>

</Defs>