﻿<?xml version="1.0" encoding="utf-8" ?>
<Defs>

  <FactionDef>
    <defName>Spacer</defName>
    <label>spacer</label>
    <description>People from the distant reaches of space.</description>
    <pawnsPlural>spacers</pawnsPlural>
    <requiredCountAtGameStart>1</requiredCountAtGameStart>
    <fixedName>Spacer</fixedName>
    <techLevel>Spacer</techLevel>
    <backstoryCategory>Civil</backstoryCategory>
    <hidden>true</hidden>
    <hairTags>
      <li>Urban</li>
    </hairTags>
    <apparelStuffFilter>
      <thingDefs>
        <li>Synthread</li>
        <li>Hyperweave</li>
      </thingDefs>
    </apparelStuffFilter>
  </FactionDef>

  <FactionDef>
    <defName>SpacerHostile</defName>
    <label>spacer</label>
    <description>People from the distant reaches of space.</description>
    <pawnsPlural>spacers</pawnsPlural>
    <requiredCountAtGameStart>1</requiredCountAtGameStart>
    <fixedName>Spacer</fixedName>
    <techLevel>Spacer</techLevel>
    <backstoryCategory>Civil</backstoryCategory>
    <hidden>true</hidden>
    <hairTags>
      <li>Urban</li>
    </hairTags>
    <apparelStuffFilter>
      <thingDefs>
        <li>Synthread</li>
        <li>Hyperweave</li>
      </thingDefs>
    </apparelStuffFilter>
    <startingGoodwill>
      <min>-100</min>
      <max>-100</max>
    </startingGoodwill>
    <naturalColonyGoodwill>
      <min>-100</min>
      <max>-100</max>
    </naturalColonyGoodwill>
  </FactionDef>

  <FactionDef>
    <defName>Mechanoid</defName>
    <label>mechanoid hive</label>
    <description>A hive of ancient self-replicating machines.</description>
    <pawnsPlural>mechanoids</pawnsPlural>
    <requiredCountAtGameStart>2</requiredCountAtGameStart>
    <fixedName>a mechanoid hive</fixedName>
    <raidCommonality>60</raidCommonality>
    <humanlikeFaction>false</humanlikeFaction>
    <hidden>true</hidden>
    <canFlee>false</canFlee>
    <canUseAvoidGrid>false</canUseAvoidGrid>
    <techLevel>Ultra</techLevel>
    <earliestRaidDays>45</earliestRaidDays>
    <startingGoodwill>
      <min>-100</min>
      <max>-100</max>
    </startingGoodwill>
    <mustStartOneEnemy>true</mustStartOneEnemy>
    <naturalColonyGoodwill>
      <min>-100</min>
      <max>-100</max>
    </naturalColonyGoodwill>
    <pawnGroupMakers>
      <li Class="PawnGroupMaker_Normal">
        <options>
            <Centipede>6000</Centipede>
            <Scyther>20</Scyther>
        </options>
      </li>
    </pawnGroupMakers>
    <homeIconPath>World/FactionHomes/DefaultHome</homeIconPath>
    <homeIconColor>(150,150,150)</homeIconColor>
    <allowedArrivalTemperatureRange>
      <min>-100</min>
      <max>200</max>
    </allowedArrivalTemperatureRange>
  </FactionDef>

  <FactionDef>
    <defName>Insect</defName>
    <label>insects</label>
    <description>Usually aggressive and intrusive insects.</description>
    <pawnsPlural>insects</pawnsPlural>
    <requiredCountAtGameStart>1</requiredCountAtGameStart>
    <fixedName>insects</fixedName>
    <raidCommonality>0</raidCommonality>
    <humanlikeFaction>false</humanlikeFaction>
    <hidden>true</hidden>
    <canFlee>false</canFlee>
    <canUseAvoidGrid>false</canUseAvoidGrid>
    <techLevel>Animal</techLevel>
    <startingGoodwill>
      <min>-100</min>
      <max>-100</max>
    </startingGoodwill>
    <mustStartOneEnemy>true</mustStartOneEnemy>
    <naturalColonyGoodwill>
      <min>-100</min>
      <max>-100</max>
    </naturalColonyGoodwill>
    <homeIconPath>World/FactionHomes/DefaultHome</homeIconPath>
    <homeIconColor>(138,108,76)</homeIconColor>
    <allowedArrivalTemperatureRange>
      <min>0</min>
      <max>45</max>
    </allowedArrivalTemperatureRange>
  </FactionDef>
  
</Defs>