﻿<?xml version="1.0" encoding="utf-8" ?>
<PawnKindDefs>

  <PawnKindDef Abstract="True" Name="BasePlayerPawnKind">
    <race>Human</race>
    <combatPower>30</combatPower>
    <baseRecruitDifficulty>0.60</baseRecruitDifficulty>
    <isFighter>false</isFighter>
    <apparelIgnoreSeasons>true</apparelIgnoreSeasons>
    <forceNormalGearQuality>true</forceNormalGearQuality>
  </PawnKindDef>

  <PawnKindDef ParentName="BasePlayerPawnKind">
    <defName>Colonist</defName>
    <label>colonist</label>
    <defaultFactionType>PlayerColony</defaultFactionType>
    <backstoryCategory>Civil</backstoryCategory>
    <chemicalAddictionChance>0.06</chemicalAddictionChance>
    <apparelTags>
      <li>Spacer</li>
    </apparelTags>
    <apparelMoney>
      <min>1000</min>
      <max>2400</max>
    </apparelMoney>
    <backstoryCryptosleepCommonality>1</backstoryCryptosleepCommonality>
  </PawnKindDef>

  <PawnKindDef ParentName="BasePlayerPawnKind">
    <defName>Tribesperson</defName>
    <label>member</label>
    <race>Human</race>
    <defaultFactionType>PlayerTribe</defaultFactionType>
    <backstoryCategory>Tribal</backstoryCategory>
    <chemicalAddictionChance>0.05</chemicalAddictionChance>
    <apparelTags>
      <li>Tribal</li>
    </apparelTags>
    <apparelMoney>
      <min>200</min>
      <max>400</max>
    </apparelMoney>
    <backstoryCryptosleepCommonality>0</backstoryCryptosleepCommonality>
  </PawnKindDef>


</PawnKindDefs>