﻿<?xml version="1.0" encoding="utf-8" ?>
<PawnKindDefs>

  <PawnKindDef Name="TribalBase" Abstract="True">
    <race>Human</race>
    <defaultFactionType>Tribe</defaultFactionType>
    <backstoryCategory>Tribal</backstoryCategory>
    <baseRecruitDifficulty>0.65</baseRecruitDifficulty>
    <chemicalAddictionChance>0.05</chemicalAddictionChance>
    <invNutrition>2.55</invNutrition>
    <invFoodDef>Pemmican</invFoodDef>
  </PawnKindDef>

  <PawnKindDef Name="TribalWarrior" ParentName="TribalBase">
    <defName>TribalWarrior</defName>
    <label>warrior</label>
    <combatPower>38</combatPower>
    <maxGenerationAge>40</maxGenerationAge>
    <gearHealthRange>
      <min>0.5</min>
      <max>1.8</max>
    </gearHealthRange>
    <apparelMoney>
      <min>180</min>
      <max>350</max>
    </apparelMoney>
    <apparelTags>
      <li>Tribal</li>
    </apparelTags>
		<weaponMoney>
			<min>60</min>
			<max>400</max>
		</weaponMoney>
		<weaponTags>
			<li>NeolithicMelee</li>
		</weaponTags>
	</PawnKindDef>

  <PawnKindDef ParentName="TribalWarrior">
    <defName>TribalTrader</defName>
    <label>trader</label>
    <trader>true</trader>
  </PawnKindDef>

  <PawnKindDef ParentName="TribalBase">
		<defName>TribalArcher</defName>
		<label>archer</label>
    <combatPower>48</combatPower>
    <maxGenerationAge>40</maxGenerationAge>
    <gearHealthRange>
      <min>0.5</min>
      <max>1.8</max>
    </gearHealthRange>
    <apparelMoney>
      <min>180</min>
      <max>350</max>
    </apparelMoney>
    <apparelTags>
      <li>Tribal</li>
    </apparelTags>
    <weaponMoney>
			<min>400</min>
			<max>400</max>
		</weaponMoney>
		<weaponTags>
			<li>NeolithicRanged</li>
		</weaponTags>
	</PawnKindDef>

	<PawnKindDef ParentName="TribalBase">
		<defName>TribalChief</defName>
		<label>chief</label>
    <combatPower>70</combatPower>
		<baseRecruitDifficulty>0.90</baseRecruitDifficulty>
    <itemQuality>Superior</itemQuality>
    <minGenerationAge>35</minGenerationAge>
    <factionLeader>true</factionLeader>
    <gearHealthRange>
      <min>0.7</min>
      <max>3.0</max>
    </gearHealthRange>
    <apparelMoney>
      <min>600</min>
      <max>1600</max>
    </apparelMoney>
    <apparelTags>
      <li>Tribal</li>
    </apparelTags>
    <weaponMoney>
			<min>800</min>
			<max>1000</max>
		</weaponMoney>
		<weaponTags>
			<li>NeolithicRanged</li>
		</weaponTags>
	</PawnKindDef>

</PawnKindDefs>